{
  "model": "bert",
  "accuracy": 0.8680789600385171,
  "precision": 0.8709106984969054,
  "recall": 0.8849955076370171,
  "f1": 0.8778966131907309
}